{"cameraMode":{"drawMode":0,"name":"Shaded","section":"Shading Mode"},"sceneLighting":true,"audioPlay":false,"sceneViewState":{"showFog":true,"showMaterialUpdate":false,"showSkybox":true,"showFlares":true,"showImageEffects":true,"showParticleSystems":true},"in2DMode":false,"pivot":{"x":-0.006498085334897041,"y":2.3109381198883058,"z":1.3042038679122925},"rotation":{"x":-0.15704838931560517,"y":-0.23256747424602509,"z":0.038083478808403018,"w":-0.9590609669685364},"size":10.042860984802246,"orthographic":false}