{"cameraMode":{"drawMode":0,"name":"Shaded","section":"Shading Mode"},"sceneLighting":true,"audioPlay":false,"sceneViewState":{"showFog":true,"showMaterialUpdate":false,"showSkybox":true,"showFlares":true,"showImageEffects":true,"showParticleSystems":true},"in2DMode":false,"pivot":{"x":2.108945369720459,"y":16.791372299194337,"z":8.749034881591797},"rotation":{"x":0.3748500943183899,"y":0.23524577915668488,"z":-0.11915641278028488,"w":0.8888029456138611},"size":67.62732696533203,"orthographic":false}