{"cameraMode":{"drawMode":0,"name":"Shaded","section":"Shading Mode"},"sceneLighting":true,"audioPlay":false,"sceneViewState":{"showFog":true,"showMaterialUpdate":false,"showSkybox":true,"showFlares":true,"showImageEffects":true,"showParticleSystems":true},"in2DMode":false,"pivot":{"x":-28.9665584564209,"y":56.88177490234375,"z":51.47206115722656},"rotation":{"x":-0.3279573321342468,"y":0.058611687272787097,"z":-0.02039146050810814,"w":-0.9426520466804504},"size":252.56698608398438,"orthographic":false}